variable,importancia
promedio_5to,0.08681654
equipamiento_tic,0.051094186
promedio_secundaria,0.031274367
tasa_previa,0.028396886
tipo_proceso,0.027978012
tipo_preparacion_preuniversitaria,0.026109926
programa_primera_opcion,0.02259974
ugel_colegio,0.01911963
facultad,0.0182072
estudio_cepreuna_previo,0.017498098
numero_postulaciones_anteriores,0.017374229
rango_ingreso_familiar,0.017091746
perfil_cuantitativo,0.01673928
ie_gestion_dependencia,0.016613955
perfil_verbal,0.016303262
se_retiro,0.0158925
estado_civil,0.015652498
grados_registrados,0.015518635
matematica_media,0.01547247
tendencia_notas,0.015239285
repitio,0.0151617
dispersion_notas,0.015027216
comunicacion_media,0.014947846
arte_cultura_media,0.014907508
trabaja_actualmente,0.0148012545
tipo_gestion_colegio,0.014775601
dpcc_media,0.014764237
educacion_trabajo_media,0.014730286
ie_forma_atencion_modelo_servicio,0.014636158
ciencias_sociales_media,0.014627021
areas_desaprobadas_total,0.014577517
ingles_media,0.014569198
ciencia_tecnologia_media,0.014508452
discapacidad_conadis,0.0144994175
grados_requiere_recuperacion,0.014422642
brecha_cuanti_verbal,0.014369447
ocupacion_madre,0.014323474
nivel_educativo_padre,0.014320048
ocupacion_padre,0.01429098
educacion_religiosa_media,0.014248213
numero_hermanos,0.0141994655
anios_desde_egreso,0.0141577795
ie_turno,0.014143591
area_colegio,0.01409319
nivel_educativo_madre,0.014075261
financia_estudios,0.013881754
area_programa,0.01387057
tipo_vivienda,0.013832257
integrantes_hogar,0.013814404
educacion_fisica_media,0.013772622
edad_al_examen,0.013746143
servicios_basicos,0.013558999
estudio_universidad_previamente,0.013380828
lengua_materna,0.01335549
sexo,0.011903703
area_examen,0.010713293
