variable,categoria,n,pct,tasa
Sexo,Femenino,22007,52.20371951798083,11.682646430681148
Sexo,Masculino,20149,47.796280482019164,11.27599384584843
Área del colegio,URBANA,27712,65.73678717145839,12.168013856812934
Área del colegio,RURAL,12663,30.038428693424425,10.052910052910052
Área del colegio,No registrado,1781,4.224784135117184,11.11734980348119
Gestión del colegio,PÚBLICA,36307,86.12534396052757,11.331148263420276
Gestión del colegio,PRIVADA,5446,12.918682987000665,12.633125229526257
Gestión del colegio,PÚBLICA DE GESTIÓN PRIVADA,403,0.9559730524717714,10.173697270471465
Lengua materna,CASTELLANO,20031,47.51636777682892,11.751784733662822
Lengua materna,QUECHUA,8884,21.07410570262833,11.357496623142728
Lengua materna,AIMARA,8473,20.099155517601293,11.223887643101618
Lengua materna,No registrado,4768,11.310371002941455,11.09479865771812
Preparación preuniversitaria,ACADEMIA PARTICULAR,11097,26.323654995730145,11.011985221230963
Preparación preuniversitaria,CEPREUNA,9466,22.45469209602429,16.90259877456159
Preparación preuniversitaria,AUTOESTUDIO,7957,18.875130467786317,9.425662938293327
Preparación preuniversitaria,No registrado,6382,15.13900749596736,8.790347853337511
Preparación preuniversitaria,NINGUNA,3855,9.144605750071163,6.926070038910506
Preparación preuniversitaria,CEPREUNA PREVIO,3399,8.062909194420723,13.033245072080025
Área del programa postulado,SOCIALES,19189,45.51902457538666,10.756162384699568
Área del programa postulado,INGENIERÍAS,13203,31.319385140905208,13.390896008482919
Área del programa postulado,BIOMÉDICAS,9764,23.16159028370813,10.354362965997542
