variable,ingreso_media,ingreso_de,no_media,no_de,U,p,delta
Promedio de 5.° de secundaria,14.89383167688729,0.7386135904240712,14.312656358437666,0.7626180639781469,120430493.5,0.0,0.41389536103044344
Promedio de secundaria (3.° a 5.°),14.659068414894351,0.7043737170289934,14.139318959433263,0.7230718591557863,125890449.0,0.0,0.3933112411632367
Matemática,14.179137408784248,1.6604134587455166,13.355339302628991,1.6729567588770302,115146730.0,1.6104490943780843e-213,0.2750426201881111
Comunicación,14.66015076414705,1.6301014240671496,13.739533626436474,1.6566896459340308,118287703.5,2.3070268399477236e-270,0.3098232438443922
Ciencia y Tecnología,14.23034620414344,1.647798895929614,13.46343268912894,1.6705984876354456,113353440.0,1.6148172471566007e-183,0.25475779949303234
Ciencias Sociales,14.6273074540574,1.2877683067851728,13.868573917705403,1.3050586618053166,119430362.5,4.29860772558928e-292,0.32209673522082194
Inglés,13.557047973019477,1.0687461966047358,12.997084684877892,1.0852846082328127,116245405.5,3.3363007244930394e-232,0.28690818516970507
Tendencia de notas (5.° menos 3.°),0.44929473225946887,0.45544730537283235,0.35310504237650886,0.45572928977458155,89845378.5,1.2004158577327121e-37,0.1161780269929209
Áreas desaprobadas (total),0.47800949824488953,1.064077558987747,1.1487685257148983,1.8130280764532103,69547086.5,5.510110519184364e-183,-0.23027729124548613
Edad al examen,19.23126161470163,1.9669400494430138,19.22547101546378,1.9818004511467062,90708275.0,0.6507810411454098,0.003927305271793857
Años desde el egreso,2.5738178814784223,1.7968005956990767,2.559885294669418,1.8166849001115877,91085029.5,0.34064711613368315,0.008097091654943878
Postulaciones anteriores,0.2599628329547801,0.6378057038983137,0.25500495805751344,0.6426668543497074,91015168.0,0.21533748483780135,0.007323889128082239
Integrantes del hogar,4.81219341275403,1.4614200225154077,4.813370473537605,1.4430234347770468,69914993.5,0.9838315862775984,-0.00018591981784921163
Tasa de ingreso previa del programa,0.13682098435386775,0.06770402221992741,0.11395886097950324,0.049906183327345165,83229844.5,5.270469009779142e-115,0.21585053235011364
