variable,chi2,gl,p,V
Preparación preuniversitaria,441.2339606637668,5,3.8197460330863852e-93,0.10230686291375746
Acceso a internet,225.77646594533138,2,9.402933142478487e-50,0.07318290375922132
Estudió en CEPREUNA,218.3502146550157,2,3.8534819270134475e-48,0.07196927267053009
Computadora en el hogar,166.4429457602564,2,7.200680681505694e-37,0.0628351995757767
Área del colegio,38.489997423606255,2,4.385339847683223e-09,0.030216505902399837
Rango de ingreso familiar,35.496336632768106,4,3.673053720178845e-07,0.029017638719978547
Gestión del colegio,8.586126124579,2,0.013663010484119704,0.01427147739384443
Nivel educativo de la madre,6.762514088395497,5,0.2389099978120522,0.0126655599097695
Lengua materna,2.8257043637784864,3,0.4192859826090717,0.008187167266020017
Sexo,1.6708332011865534,1,0.1961469712011572,0.006295595994092303
